{
  "format_version": "1.10",
  "minecraft:entity": {
    "description": {
      "identifier": "minecraft:player",
      "is_spawnable": false,
      "is_summonable": false,
      "is_experimental": false,
      "scripts": { "animate": [ "sleeping_check", "summon_grave", "set_grave_id" ] },
      "animations": {
        "sleeping_check": "controller.animation.player.spleeping_check",
        "summon_grave": "controller.animation.bp.player.summon_grave",
        "set_grave_id": "animation.bp.player.set_grave_id"
      }
    },
      "component_groups": {

        "minecraft:add_bad_omen": {
          "minecraft:spell_effects": {
            "add_effects": [
              {
                "effect": "bad_omen",
                "duration": 6000,
                "display_on_screen_animation": true
              }
            ]
          },
          "minecraft:timer": {
            "time": [ 0.0, 0.0 ],
            "looping": false,
            "time_down_event": {
              "event": "minecraft:clear_add_bad_omen",
              "target": "self"
            }
          }
        },
        "minecraft:clear_bad_omen_spell_effect": {
          "minecraft:spell_effects": {
          }
        },
        "minecraft:raid_trigger": {
          "minecraft:raid_trigger": {
            "triggered_event": {
              "event": "minecraft:remove_raid_trigger",
              "target": "self"
            }
          },
          "minecraft:spell_effects": {
            "remove_effects": "bad_omen"
          }
        },


        "pamobile:respawn": {
          "minecraft:mark_variant": {
            "value": 99999
          },
          "minecraft:health": {
            "value": 20,
            "max": 20
          },
          "minecraft:movement": {
            "value": 0.1
          },
          "minecraft:attack": {
            "damage": 1
          }
        },

        "blindness_orb_1": { //gives effects when activated
          "minecraft:movement": {
            "value": 0.1
          },
          "minecraft:spell_effects": {
            "remove_effects": [
              "blindness"
            ],
            "add_effects": [
              {
                "effect": "blindness",
                "duration": 600,
                "amplifier": 0
              }
            ]
          }
        },
        "conduit_power_orb_1": { //gives effects when activated
          "minecraft:movement": {
            "value": 0.1
          },
          "minecraft:spell_effects": {
            "remove_effects": [
              "conduit_power"
            ],
            "add_effects": [
              {
                "effect": "conduit_power",
                "duration": 600,
                "amplifier": 0
              }
            ]
          }
        },
        "fire_resistance_orb_1": { //gives effects when activated
          "minecraft:movement": {
            "value": 0.1
          },
          "minecraft:spell_effects": {
            "remove_effects": [
              "fire_resistance"
            ],
            "add_effects": [
              {
                "effect": "fire_resistance",
                "duration": 600,
                "amplifier": 0
              }
            ]
          }
        },
        "haste_orb_1": {
          "minecraft:movement": {
            "value": 0.1
          },
          "minecraft:spell_effects": {
            "remove_effects": [
              "haste"
            ],
            "add_effects": [
              {
                "effect": "haste",
                "duration": 600,
                "amplifier": 0
              }
            ]
          }
        },
        "health_boost_orb_1": { //gives effects when activated
          "minecraft:movement": {
            "value": 0.1
          },
          "minecraft:spell_effects": {
            "remove_effects": [
              "health_boost"
            ],
            "add_effects": [
              {
                "effect": "health_boost",
                "duration": 600,
                "amplifier": 0
              }
            ]
          }
        },
        "hunger_orb_1": { //gives effects when activated
          "minecraft:movement": {
            "value": 0.1
          },
          "minecraft:spell_effects": {
            "remove_effects": [
              "hunger"
            ],
            "add_effects": [
              {
                "effect": "hunger",
                "duration": 600,
                "amplifier": 0
              }
            ]
          }
        },
        "invisibility_orb_1": { //gives effects when activated
          "minecraft:movement": {
            "value": 0.1
          },
          "minecraft:spell_effects": {
            "remove_effects": [
              "invisibility"
            ],
            "add_effects": [
              {
                "effect": "invisibility",
                "duration": 600,
                "amplifier": 0
              }
            ]
          }
        },
        "jump_boost_orb_1": { //gives effects when activated
          "minecraft:movement": {
            "value": 0.1
          },
          "minecraft:spell_effects": {
            "remove_effects": [
              "jump_boost"
            ],
            "add_effects": [
              {
                "effect": "jump_boost",
                "duration": 600,
                "amplifier": 0
              }
            ]
          }
        },
        "levitation_orb_1": { //gives effects when activated
          "minecraft:movement": {
            "value": 0.1
          },
          "minecraft:spell_effects": {
            "remove_effects": [
              "levitation",
              "slow_falling"
            ],
            "add_effects": [
              {
                "effect": "levitation",
                "duration": 3,
                "amplifier": 0
              },
              {
                "effect": "slow_falling",
                "duration": 1,
                "amplifier": 0
              }
            ]
          }
        },
        "mining_fatigue_orb_1": { //gives effects when activated
          "minecraft:movement": {
            "value": 0.1
          },
          "minecraft:spell_effects": {
            "remove_effects": [
              "mining_fatigue"
            ],
            "add_effects": [
              {
                "effect": "mining_fatigue",
                "duration": 600,
                "amplifier": 0
              }
            ]
          }
        },
        "nausea_orb_1": { //gives effects when activated
          "minecraft:movement": {
            "value": 0.1
          },
          "minecraft:spell_effects": {
            "remove_effects": [
              "nausea"
            ],
            "add_effects": [
              {
                "effect": "nausea",
                "duration": 600,
                "amplifier": 0
              }
            ]
          }
        },
        "night_vision_orb_1": { //gives effects when activated
          "minecraft:movement": {
            "value": 0.1
          },
          "minecraft:spell_effects": {
            "remove_effects": [
              "night_vision"
            ],
            "add_effects": [
              {
                "effect": "night_vision",
                "duration": 600,
                "amplifier": 0
              }
            ]
          }
        },
        "poison_orb_1": { //gives effects when activated
          "minecraft:movement": {
            "value": 0.1
          },
          "minecraft:spell_effects": {
            "remove_effects": [
              "poison"
            ],
            "add_effects": [
              {
                "effect": "poison",
                "duration": 600,
                "amplifier": 0
              }
            ]
          }
        },
        "regeneration_orb_1": { //gives effects when activated
          "minecraft:movement": {
            "value": 0.1
          },
          "minecraft:spell_effects": {
            "remove_effects": [
              "regeneration"
            ],
            "add_effects": [
              {
                "effect": "regeneration",
                "duration": 600,
                "amplifier": 0
              }
            ]
          }
        },
        "resistance_orb_1": { //gives effects when activated
          "minecraft:movement": {
            "value": 0.1
          },
          "minecraft:spell_effects": {
            "remove_effects": [
              "resistance"
            ],
            "add_effects": [
              {
                "effect": "resistance",
                "duration": 600,
                "amplifier": 0
              }
            ]
          }
        },
        "slow_falling_orb_1": { //gives effects when activated
          "minecraft:movement": {
            "value": 0.1
          },
          "minecraft:spell_effects": {
            "remove_effects": [
              "slow_falling"
            ],
            "add_effects": [
              {
                "effect": "slow_falling",
                "duration": 600,
                "amplifier": 0
              }
            ]
          }
        },
        "slowness_orb_1": { //gives effects when activated
          "minecraft:movement": {
            "value": 0.1
          },
          "minecraft:spell_effects": {
            "remove_effects": [
              "slowness"
            ],
            "add_effects": [
              {
                "effect": "slowness",
                "duration": 600,
                "amplifier": 0
              }
            ]
          }
        },
        "speed_orb_1": { //gives effects when activated
          "minecraft:movement": {
            "value": 0.1
          },
          "minecraft:spell_effects": {
            "remove_effects": [
              "speed"
            ],
            "add_effects": [
              {
                "effect": "speed",
                "duration": 600,
                "amplifier": 0
              }
            ]
          }
        },
        "strength_orb_1": { //gives effects when activated
          "minecraft:movement": {
            "value": 0.1
          },
          "minecraft:spell_effects": {
            "remove_effects": [
              "strength"
            ],
            "add_effects": [
              {
                "effect": "strength",
                "duration": 600,
                "amplifier": 0
              }
            ]
          }
        },
        "village_hero_orb_1": { //gives effects when activated
          "minecraft:movement": {
            "value": 0.1
          },
          "minecraft:spell_effects": {
            "remove_effects": [
              "village_hero"
            ],
            "add_effects": [
              {
                "effect": "village_hero",
                "duration": 600,
                "amplifier": 0
              }
            ]
          }
        },
        "water_breathing_orb_1": { //gives effects when activated
          "minecraft:movement": {
            "value": 0.1
          },
          "minecraft:spell_effects": {
            "remove_effects": [
              "water_breathing"
            ],
            "add_effects": [
              {
                "effect": "water_breathing",
                "duration": 600,
                "amplifier": 0
              }
            ]
          }
        },
        "weakness_orb_1": { //gives effects when activated
          "minecraft:movement": {
            "value": 0.1
          },
          "minecraft:spell_effects": {
            "remove_effects": [
              "weakness"
            ],
            "add_effects": [
              {
                "effect": "weakness",
                "duration": 600,
                "amplifier": 0
              }
            ]
          }
        },
        "wither_orb_1": { //gives effects when activated
          "minecraft:movement": {
            "value": 0.1
          },
          "minecraft:spell_effects": {
            "remove_effects": [
              "wither"
            ],
            "add_effects": [
              {
                "effect": "wither",
                "duration": 600,
                "amplifier": 0
              }
            ]
          }
        },
        "haste_orb_2": {
          "minecraft:movement": {
            "value": 0.1
          },
          "minecraft:spell_effects": {
            "remove_effects": [
              "haste"
            ],
            "add_effects": [
              {
                "effect": "haste",
                "duration": 600,
                "amplifier": 1
              }
            ]
          }
        },
        "health_boost_orb_2": { //gives effects when activated
          "minecraft:movement": {
            "value": 0.1
          },
          "minecraft:spell_effects": {
            "remove_effects": [
              "health_boost"
            ],
            "add_effects": [
              {
                "effect": "health_boost",
                "duration": 600,
                "amplifier": 1
              }
            ]
          }
        },
        "hunger_orb_2": { //gives effects when activated
          "minecraft:movement": {
            "value": 0.1
          },
          "minecraft:spell_effects": {
            "remove_effects": [
              "hunger"
            ],
            "add_effects": [
              {
                "effect": "hunger",
                "duration": 600,
                "amplifier": 1
              }
            ]
          }
        },
        "jump_boost_orb_2": { //gives effects when activated
          "minecraft:movement": {
            "value": 0.1
          },
          "minecraft:spell_effects": {
            "remove_effects": [
              "jump_boost"
            ],
            "add_effects": [
              {
                "effect": "jump_boost",
                "duration": 600,
                "amplifier": 1
              }
            ]
          }
        },
        "levitation_orb_2": { //gives effects when activated
          "minecraft:movement": {
            "value": 0.1
          },
          "minecraft:spell_effects": {
            "remove_effects": [
              "levitation",
              "slow_falling"
            ],
            "add_effects": [
              {
                "effect": "levitation",
                "duration": 3,
                "amplifier": 1
              },
              {
                "effect": "slow_falling",
                "duration": 1,
                "amplifier": 0
              }
            ]
          }
        },
        "mining_fatigue_orb_2": { //gives effects when activated
          "minecraft:movement": {
            "value": 0.1
          },
          "minecraft:spell_effects": {
            "remove_effects": [
              "mining_fatigue"
            ],
            "add_effects": [
              {
                "effect": "mining_fatigue",
                "duration": 600,
                "amplifier": 1
              }
            ]
          }
        },
        "poison_orb_2": { //gives effects when activated
          "minecraft:movement": {
            "value": 0.1
          },
          "minecraft:spell_effects": {
            "remove_effects": [
              "poison"
            ],
            "add_effects": [
              {
                "effect": "poison",
                "duration": 600,
                "amplifier": 1
              }
            ]
          }
        },
        "regeneration_orb_2": { //gives effects when activated
          "minecraft:movement": {
            "value": 0.1
          },
          "minecraft:spell_effects": {
            "remove_effects": [
              "regeneration"
            ],
            "add_effects": [
              {
                "effect": "regeneration",
                "duration": 600,
                "amplifier": 1
              }
            ]
          }
        },
        "resistance_orb_2": { //gives effects when activated
          "minecraft:movement": {
            "value": 0.1
          },
          "minecraft:spell_effects": {
            "remove_effects": [
              "resistance"
            ],
            "add_effects": [
              {
                "effect": "resistance",
                "duration": 600,
                "amplifier": 1
              }
            ]
          }
        },
        "slow_falling_orb_2": { //gives effects when activated
          "minecraft:movement": {
            "value": 0.1
          },
          "minecraft:spell_effects": {
            "remove_effects": [
              "slow_falling"
            ],
            "add_effects": [
              {
                "effect": "slow_falling",
                "duration": 600,
                "amplifier": 1
              }
            ]
          }
        },
        "slowness_orb_2": { //gives effects when activated
          "minecraft:movement": {
            "value": 0.1
          },
          "minecraft:spell_effects": {
            "remove_effects": [
              "slowness"
            ],
            "add_effects": [
              {
                "effect": "slowness",
                "duration": 600,
                "amplifier": 1
              }
            ]
          }
        },
        "speed_orb_2": { //gives effects when activated
          "minecraft:movement": {
            "value": 0.1
          },
          "minecraft:spell_effects": {
            "remove_effects": [
              "speed"
            ],
            "add_effects": [
              {
                "effect": "speed",
                "duration": 600,
                "amplifier": 1
              }
            ]
          }
        },
        "strength_orb_2": { //gives effects when activated
          "minecraft:movement": {
            "value": 0.1
          },
          "minecraft:spell_effects": {
            "remove_effects": [
              "strength"
            ],
            "add_effects": [
              {
                "effect": "strength",
                "duration": 600,
                "amplifier": 1
              }
            ]
          }
        },
        "village_hero_orb_2": { //gives effects when activated
          "minecraft:movement": {
            "value": 0.1
          },
          "minecraft:spell_effects": {
            "remove_effects": [
              "village_hero"
            ],
            "add_effects": [
              {
                "effect": "village_hero",
                "duration": 600,
                "amplifier": 1
              }
            ]
          }
        },
        "weakness_orb_2": { //gives effects when activated
          "minecraft:movement": {
            "value": 0.1
          },
          "minecraft:spell_effects": {
            "remove_effects": [
              "weakness"
            ],
            "add_effects": [
              {
                "effect": "weakness",
                "duration": 600,
                "amplifier": 1
              }
            ]
          }
        },
        "wither_orb_2": { //gives effects when activated
          "minecraft:movement": {
            "value": 0.1
          },
          "minecraft:spell_effects": {
            "remove_effects": [
              "wither"
            ],
            "add_effects": [
              {
                "effect": "wither",
                "duration": 600,
                "amplifier": 1
              }
            ]
          }
        },
        "haste_orb_3": {
          "minecraft:movement": {
            "value": 0.1
          },
          "minecraft:spell_effects": {
            "remove_effects": [
              "haste"
            ],
            "add_effects": [
              {
                "effect": "haste",
                "duration": 600,
                "amplifier": 2
              }
            ]
          }
        },
        "health_boost_orb_3": { //gives effects when activated
          "minecraft:movement": {
            "value": 0.1
          },
          "minecraft:spell_effects": {
            "remove_effects": [
              "health_boost"
            ],
            "add_effects": [
              {
                "effect": "health_boost",
                "duration": 600,
                "amplifier": 2
              }
            ]
          }
        },
        "jump_boost_orb_3": { //gives effects when activated
          "minecraft:movement": {
            "value": 0.1
          },
          "minecraft:spell_effects": {
            "remove_effects": [
              "jump_boost"
            ],
            "add_effects": [
              {
                "effect": "jump_boost",
                "duration": 600,
                "amplifier": 2
              }
            ]
          }
        },
        "regeneration_orb_3": { //gives effects when activated
          "minecraft:movement": {
            "value": 0.1
          },
          "minecraft:spell_effects": {
            "remove_effects": [
              "regeneration"
            ],
            "add_effects": [
              {
                "effect": "regeneration",
                "duration": 600,
                "amplifier": 2
              }
            ]
          }
        },
        "resistance_orb_3": { //gives effects when activated
          "minecraft:movement": {
            "value": 0.1
          },
          "minecraft:spell_effects": {
            "remove_effects": [
              "resistance"
            ],
            "add_effects": [
              {
                "effect": "resistance",
                "duration": 600,
                "amplifier": 2
              }
            ]
          }
        },
        "slow_falling_orb_3": { //gives effects when activated
          "minecraft:movement": {
            "value": 0.1
          },
          "minecraft:spell_effects": {
            "remove_effects": [
              "slow_falling"
            ],
            "add_effects": [
              {
                "effect": "slow_falling",
                "duration": 600,
                "amplifier": 2
              }
            ]
          }
        },
        "speed_orb_3": { //gives effects when activated
          "minecraft:movement": {
            "value": 0.1
          },
          "minecraft:spell_effects": {
            "remove_effects": [
              "speed"
            ],
            "add_effects": [
              {
                "effect": "speed",
                "duration": 600,
                "amplifier": 2
              }
            ]
          }
        },
        "strength_orb_3": { //gives effects when activated
          "minecraft:movement": {
            "value": 0.1
          },
          "minecraft:spell_effects": {
            "remove_effects": [
              "strength"
            ],
            "add_effects": [
              {
                "effect": "strength",
                "duration": 600,
                "amplifier": 2
              }
            ]
          }
        },
        "village_hero_orb_3": { //gives effects when activated
          "minecraft:movement": {
            "value": 0.1
          },
          "minecraft:spell_effects": {
            "remove_effects": [
              "village_hero"
            ],
            "add_effects": [
              {
                "effect": "village_hero",
                "duration": 600,
                "amplifier": 2
              }
            ]
          }
        }

      },
      "components": {




        //#region
        "minecraft:type_family": {
          "family": [
            "player"
          ]
        },
        "minecraft:loot": {
          "table": "loot_tables/empty.json"
        },
        "minecraft:collision_box": {
          "width": 0.6,
          "height": 1.8
        },
        "minecraft:can_climb": {},
        "minecraft:movement": {
          "value": 0.1
        },
        "minecraft:environment_sensor": [


          {
            "on_environment": {
              "filters": {
                "all_of": [
                  {
                    "test": "has_mob_effect",
                    "subject": "self",
                    "value": "bad_omen"
                  },
                  {
                    "test": "is_in_village",
                    "subject": "self",
                    "value": true
                  }
                ]
              },
              "event": "minecraft:trigger_raid"
            }
          },

          {
            "on_environment": {
              "filters": {
                "any_of": [
                  {
                    "test": "is_family",
                    "subject": "self",
                    "value": "player"
                  }
                ]
              },
              "event": "pamobile:refresh_player"
            }
          }, //#endregion

          {
            "on_environment": {
              "filters": {
                "all_of": [
                  {
                    "test": "has_equipment",
                    "value": "ae:blindness_orb"
                  }
                ]
              },
              "event": "ae:blindness_orb_1"
            }
          }, //blindness orb
          {
            "on_environment": {
              "filters": {
                "all_of": [
                  {
                    "test": "has_equipment",
                    "value": "ae:conduit_power_orb"
                  }
                ]
              },
              "event": "ae:conduit_power_orb_1"
            }
          }, //conduit_power_orb
          {
            "on_environment": {
              "filters": {
                "all_of": [
                  {
                    "test": "has_equipment",
                    "value": "ae:fire_resistance_orb"
                  }
                ]
              },
              "event": "ae:fire_resistance_orb_1"
            }
          }, //fire_resistance orb
          {
            "on_environment": {
              "filters": {
                "all_of": [
                  {
                    "test": "has_equipment",
                    "value": "ae:haste_orb"
                  }
                ]
              },
              "event": "ae:haste_orb_1"
            }
          }, //haste orb
          {
            "on_environment": {
              "filters": {
                "all_of": [
                  {
                    "test": "has_equipment",
                    "value": "ae:health_boost_orb"
                  }
                ]
              },
              "event": "ae:health_boost_orb_1"
            }
          }, //health_boost orb
          {
            "on_environment": {
              "filters": {
                "all_of": [
                  {
                    "test": "has_equipment",
                    "value": "ae:hunger_orb"
                  }
                ]
              },
              "event": "ae:hunger_orb_1"
            }
          }, //hunger orb
          {
            "on_environment": {
              "filters": {
                "all_of": [
                  {
                    "test": "has_equipment",
                    "value": "ae:invisibility_orb"
                  }
                ]
              },
              "event": "ae:invisibility_orb_1"
            }
          }, //invisibility orb
          {
            "on_environment": {
              "filters": {
                "all_of": [
                  {
                    "test": "has_equipment",
                    "value": "ae:jump_boost_orb"
                  }
                ]
              },
              "event": "ae:jump_boost_orb_1"
            }
          }, //jump_boost orb
          {
            "on_environment": {
              "filters": {
                "all_of": [
                  {
                    "test": "has_equipment",
                    "value": "ae:levitation_orb"
                  }
                ]
              },
              "event": "ae:levitation_orb_1"
            }
          }, //levitation orb
          {
            "on_environment": {
              "filters": {
                "all_of": [
                  {
                    "test": "has_equipment",
                    "value": "ae:mining_fatigue_orb"
                  }
                ]
              },
              "event": "ae:mining_fatigue_orb_1"
            }
          }, //mining_fatigue orb
          {
            "on_environment": {
              "filters": {
                "all_of": [
                  {
                    "test": "has_equipment",
                    "value": "ae:nausea_orb"
                  }
                ]
              },
              "event": "ae:nausea_orb_1"
            }
          }, //nausea orb
          {
            "on_environment": {
              "filters": {
                "all_of": [
                  {
                    "test": "has_equipment",
                    "value": "ae:night_vision_orb"
                  }
                ]
              },
              "event": "ae:night_vision_orb_1"
            }
          }, //night_vision orb
          {
            "on_environment": {
              "filters": {
                "all_of": [
                  {
                    "test": "has_equipment",
                    "value": "ae:poison_orb"
                  }
                ]
              },
              "event": "ae:poison_orb_1"
            }
          }, //poison orb
          {
            "on_environment": {
              "filters": {
                "all_of": [
                  {
                    "test": "has_equipment",
                    "value": "ae:regeneration_orb"
                  }
                ]
              },
              "event": "ae:regeneration_orb_1"
            }
          }, //regeneration orb
          {
            "on_environment": {
              "filters": {
                "all_of": [
                  {
                    "test": "has_equipment",
                    "value": "ae:resistance_orb"
                  }
                ]
              },
              "event": "ae:resistance_orb_1"
            }
          }, //resistance orb
          {
            "on_environment": {
              "filters": {
                "all_of": [
                  {
                    "test": "has_equipment",
                    "value": "ae:slow_falling_orb"
                  }
                ]
              },
              "event": "ae:slow_falling_orb_1"
            }
          }, //slow_falling orb
          {
            "on_environment": {
              "filters": {
                "all_of": [
                  {
                    "test": "has_equipment",
                    "value": "ae:slowness_orb"
                  }
                ]
              },
              "event": "ae:slowness_orb_1"
            }
          }, //slowness orb
          {
            "on_environment": {
              "filters": {
                "all_of": [
                  {
                    "test": "has_equipment",
                    "value": "ae:speed_orb"
                  }
                ]
              },
              "event": "ae:speed_orb_1"
            }
          }, //speed orb
          {
            "on_environment": {
              "filters": {
                "all_of": [
                  {
                    "test": "has_equipment",
                    "value": "ae:strength_orb"
                  }
                ]
              },
              "event": "ae:strength_orb_1"
            }
          }, //strength orb
          {
            "on_environment": {
              "filters": {
                "all_of": [
                  {
                    "test": "has_equipment",
                    "value": "ae:village_hero_orb"
                  }
                ]
              },
              "event": "ae:village_hero_orb_1"
            }
          }, //village_hero orb
          {
            "on_environment": {
              "filters": {
                "all_of": [
                  {
                    "test": "has_equipment",
                    "value": "ae:water_breathing_orb"
                  }
                ]
              },
              "event": "ae:water_breathing_orb_1"
            }
          }, //water_breathing orb
          {
            "on_environment": {
              "filters": {
                "all_of": [
                  {
                    "test": "has_equipment",
                    "value": "ae:weakness_orb"
                  }
                ]
              },
              "event": "ae:weakness_orb_1"
            }
          }, //weakness orb
          {
            "on_environment": {
              "filters": {
                "all_of": [
                  {
                    "test": "has_equipment",
                    "value": "ae:wither_orb"
                  }
                ]
              },
              "event": "ae:wither_orb_1"
            }
          }, //wither orb
          {
            "on_environment": {
              "filters": {
                "all_of": [
                  {
                    "test": "has_equipment",
                    "value": "ae:haste_orb_2"
                  }
                ]
              },
              "event": "ae:haste_orb_2"
            }
          }, //haste orb 2
          {
            "on_environment": {
              "filters": {
                "all_of": [
                  {
                    "test": "has_equipment",
                    "value": "ae:health_boost_orb_2"
                  }
                ]
              },
              "event": "ae:health_boost_orb_2"
            }
          }, //health_boost orb 2
          {
            "on_environment": {
              "filters": {
                "all_of": [
                  {
                    "test": "has_equipment",
                    "value": "ae:hunger_orb_2"
                  }
                ]
              },
              "event": "ae:hunger_orb_2"
            }
          }, //hunger orb 2
          {
            "on_environment": {
              "filters": {
                "all_of": [
                  {
                    "test": "has_equipment",
                    "value": "ae:jump_boost_orb_2"
                  }
                ]
              },
              "event": "ae:jump_boost_orb_2"
            }
          }, //jump_boost orb 2
          {
            "on_environment": {
              "filters": {
                "all_of": [
                  {
                    "test": "has_equipment",
                    "value": "ae:levitation_orb_2"
                  }
                ]
              },
              "event": "ae:levitation_orb_2"
            }
          }, //levitation orb 2
          {
            "on_environment": {
              "filters": {
                "all_of": [
                  {
                    "test": "has_equipment",
                    "value": "ae:mining_fatigue_orb_2"
                  }
                ]
              },
              "event": "ae:mining_fatigue_orb_2"
            }
          }, //mining_fatigue orb 2
          {
            "on_environment": {
              "filters": {
                "all_of": [
                  {
                    "test": "has_equipment",
                    "value": "ae:poison_orb_2"
                  }
                ]
              },
              "event": "ae:poison_orb_2"
            }
          }, //poison orb 2
          {
            "on_environment": {
              "filters": {
                "all_of": [
                  {
                    "test": "has_equipment",
                    "value": "ae:regeneration_orb_2"
                  }
                ]
              },
              "event": "ae:regeneration_orb_2"
            }
          }, //regeneration orb 2
          {
            "on_environment": {
              "filters": {
                "all_of": [
                  {
                    "test": "has_equipment",
                    "value": "ae:resistance_orb_2"
                  }
                ]
              },
              "event": "ae:resistance_orb_2"
            }
          }, //resistance orb 2
          {
            "on_environment": {
              "filters": {
                "all_of": [
                  {
                    "test": "has_equipment",
                    "value": "ae:slow_falling_orb_2"
                  }
                ]
              },
              "event": "ae:slow_falling_orb_2"
            }
          }, //slow_falling orb 2
          {
            "on_environment": {
              "filters": {
                "all_of": [
                  {
                    "test": "has_equipment",
                    "value": "ae:slowness_orb_2"
                  }
                ]
              },
              "event": "ae:slowness_orb_2"
            }
          }, //slowness orb 2
          {
            "on_environment": {
              "filters": {
                "all_of": [
                  {
                    "test": "has_equipment",
                    "value": "ae:speed_orb_2"
                  }
                ]
              },
              "event": "ae:speed_orb_2"
            }
          }, //speed orb 2
          {
            "on_environment": {
              "filters": {
                "all_of": [
                  {
                    "test": "has_equipment",
                    "value": "ae:strength_orb_2"
                  }
                ]
              },
              "event": "ae:strength_orb_2"
            }
          }, //strength orb 2
          {
            "on_environment": {
              "filters": {
                "all_of": [
                  {
                    "test": "has_equipment",
                    "value": "ae:village_hero_orb_2"
                  }
                ]
              },
              "event": "ae:village_hero_orb_2"
            }
          }, //village_hero orb 2
          {
            "on_environment": {
              "filters": {
                "all_of": [
                  {
                    "test": "has_equipment",
                    "value": "ae:weakness_orb_2"
                  }
                ]
              },
              "event": "ae:weakness_orb_2"
            }
          }, //weakness orb 2
          {
            "on_environment": {
              "filters": {
                "all_of": [
                  {
                    "test": "has_equipment",
                    "value": "ae:wither_orb_2"
                  }
                ]
              },
              "event": "ae:wither_orb_2"
            }
          }, //wither orb 2 
          {
            "on_environment": {
              "filters": {
                "all_of": [
                  {
                    "test": "has_equipment",
                    "value": "ae:haste_orb_3"
                  }
                ]
              },
              "event": "ae:haste_orb_3"
            }
          }, //haste orb 3
          {
            "on_environment": {
              "filters": {
                "all_of": [
                  {
                    "test": "has_equipment",
                    "value": "ae:health_boost_orb_3"
                  }
                ]
              },
              "event": "ae:health_boost_orb_3"
            }
          }, //health_boost orb 3
          {
            "on_environment": {
              "filters": {
                "all_of": [
                  {
                    "test": "has_equipment",
                    "value": "ae:jump_boost_orb_3"
                  }
                ]
              },
              "event": "ae:jump_boost_orb_3"
            }
          }, //jump_boost orb 3
          {
            "on_environment": {
              "filters": {
                "all_of": [
                  {
                    "test": "has_equipment",
                    "value": "ae:regeneration_orb_3"
                  }
                ]
              },
              "event": "ae:regeneration_orb_3"
            }
          }, //regeneration orb 3
          {
            "on_environment": {
              "filters": {
                "all_of": [
                  {
                    "test": "has_equipment",
                    "value": "ae:resistance_orb_3"
                  }
                ]
              },
              "event": "ae:resistance_orb_3"
            }
          }, //resistance orb 3
          {
            "on_environment": {
              "filters": {
                "all_of": [
                  {
                    "test": "has_equipment",
                    "value": "ae:slow_falling_orb_3"
                  }
                ]
              },
              "event": "ae:slow_falling_orb_3"
            }
          }, //slow_falling orb 3
          {
            "on_environment": {
              "filters": {
                "all_of": [
                  {
                    "test": "has_equipment",
                    "value": "ae:speed_orb_3"
                  }
                ]
              },
              "event": "ae:speed_orb_3"
            }
          }, //speed orb 3
          {
            "on_environment": {
              "filters": {
                "all_of": [
                  {
                    "test": "has_equipment",
                    "value": "ae:strength_orb_3"
                  }
                ]
              },
              "event": "ae:strength_orb_3"
            }
          }, //strength orb 3
          {
            "on_environment": {
              "filters": {
                "all_of": [
                  {
                    "test": "has_equipment",
                    "value": "ae:village_hero_orb_3"
                  }
                ]
              },
              "event": "ae:village_hero_orb_3"
            }
          } //village_hero orb 3




        ],
        //#region
        "minecraft:player.saturation": {
          "value": 20
        },
        "minecraft:player.exhaustion": {
          "value": 0,
          "max": 4
        },
        "minecraft:player.level": {
          "value": 0,
          "max": 24791
        },
        "minecraft:player.experience": {
          "value": 0,
          "max": 1
        },
        "minecraft:breathable": {
          "totalSupply": 15,
          "suffocateTime": -1,
          "inhaleTime": 3.75,
          "generatesBubbles": false
        },
        "minecraft:nameable": {
          "alwaysShow": true,
          "allowNameTagRenaming": false
        },
        "minecraft:physics": {},
        "minecraft:insomnia": {
          "days_until_insomnia": 3
        },
        "minecraft:rideable": {
          "seat_count": 2,
          "family_types": [
            "parrot_tame"
          ],
          "pull_in_entities": true,
          "seats": [
            {
              "position": [
                0.4,
                -0.15,
                0.04
              ],
              "min_rider_count": 0,
              "max_rider_count": 0,
              "lock_rider_rotation": 0
            },
            {
              "position": [
                -0.4,
                -0.15,
                0.04
              ],
              "min_rider_count": 1,
              "max_rider_count": 2,
              "lock_rider_rotation": 0
            }
          ]
        },
        "minecraft:scaffolding_climber": {}
        // #endregion    
      },
      "events": {

        "minecraft:gain_bad_omen": {
          "add": {
            "component_groups": [
              "minecraft:add_bad_omen"
            ]
          }
        },
        "minecraft:clear_add_bad_omen": {
          "remove": {
            "component_groups": [
              "minecraft:add_bad_omen"
            ]
          },
          "add": {
            "component_groups": [
              "minecraft:clear_bad_omen_spell_effect"
            ]
          }
        },
        "minecraft:trigger_raid": {
          "add": {
            "component_groups": [ "minecraft:raid_trigger" ]
          }
        },
        "minecraft:remove_raid_trigger": {
          "remove": {
            "component_groups": [ "minecraft:raid_trigger" ]
          }
        },


        "pamobile:refresh_player": {
          "add": {
            "component_groups": [
              "pamobile:respawn"
            ],
            "remove": {
              "component_groups": [
                "blindness_orb_1",
                "conduit_power_orb_1",
                "fire_resistance_orb_1"
              ]
            }
          }
        },
        "minecraft:entity_spawned": {
          "add": {
            "component_groups": [
              "pamobile:respawn"
            ]
          }
        },

        //#region


        "ae:blindness_orb_1": {
          "add": {
            "component_groups": [
              "blindness_orb_1"
            ]
          }
        },
        "ae:conduit_power_orb_1": {
          "add": {
            "component_groups": [
              "conduit_power_orb_1"
            ]
          }
        },
        "ae:fire_resistance_orb_1": {
          "add": {
            "component_groups": [
              "fire_resistance_orb_1"
            ]
          }
        },
        "ae:haste_orb_1": {
          "add": {
            "component_groups": [
              "haste_orb_1"
            ]
          }
        },
        "ae:health_boost_orb_1": {
          "add": {
            "component_groups": [
              "health_boost_orb_1"
            ]
          }
        },
        "ae:hunger_orb_1": {
          "add": {
            "component_groups": [
              "hunger_orb_1"
            ]
          }
        },
        "ae:invisibility_orb_1": {
          "add": {
            "component_groups": [
              "invisibility_orb_1"
            ]
          }
        },
        "ae:jump_boost_orb_1": {
          "add": {
            "component_groups": [
              "jump_boost_orb_1"
            ]
          }
        },
        "ae:levitation_orb_1": {
          "add": {
            "component_groups": [
              "levitation_orb_1"
            ]
          }
        },
        "ae:mining_fatigue_orb_1": {
          "add": {
            "component_groups": [
              "mining_fatigue_orb_1"
            ]
          }
        },
        "ae:nausea_orb_1": {
          "add": {
            "component_groups": [
              "nausea_orb_1"
            ]
          }
        },
        "ae:night_vision_orb_1": {
          "add": {
            "component_groups": [
              "night_vision_orb_1"
            ]
          }
        },
        "ae:poison_orb_1": {
          "add": {
            "component_groups": [
              "poison_orb_1"
            ]
          }
        },
        "ae:regeneration_orb_1": {
          "add": {
            "component_groups": [
              "regeneration_orb_1"
            ]
          }
        },
        "ae:resistance_orb_1": {
          "add": {
            "component_groups": [
              "resistance_orb_1"
            ]
          }
        },
        "ae:slow_falling_orb_1": {
          "add": {
            "component_groups": [
              "slow_falling_orb_1"
            ]
          }
        },
        "ae:slowness_orb_1": {
          "add": {
            "component_groups": [
              "slowness_orb_1"
            ]
          }
        },
        "ae:speed_orb_1": {
          "add": {
            "component_groups": [
              "speed_orb_1"
            ]
          }
        },
        "ae:strength_orb_1": {
          "add": {
            "component_groups": [
              "strength_orb_1"
            ]
          }
        },
        "ae:village_hero_orb_1": {
          "add": {
            "component_groups": [
              "village_hero_orb_1"
            ]
          }
        },
        "ae:water_breathing_orb_1": {
          "add": {
            "component_groups": [
              "water_breathing_orb_1"
            ]
          }
        },
        "ae:weakness_orb_1": {
          "add": {
            "component_groups": [
              "weakness_orb_1"
            ]
          }
        },
        "ae:wither_orb_1": {
          "add": {
            "component_groups": [
              "wither_orb_1"
            ]
          }
        },
        "ae:haste_orb_2": {
          "add": {
            "component_groups": [
              "haste_orb_2"
            ]
          }
        },
        "ae:health_boost_orb_2": {
          "add": {
            "component_groups": [
              "health_boost_orb_2"
            ]
          }
        },
        "ae:hunger_orb_2": {
          "add": {
            "component_groups": [
              "hunger_orb_2"
            ]
          }
        },
        "ae:jump_boost_orb_2": {
          "add": {
            "component_groups": [
              "jump_boost_orb_2"
            ]
          }
        },
        "ae:levitation_orb_2": {
          "add": {
            "component_groups": [
              "levitation_orb_2"
            ]
          }
        },
        "ae:mining_fatigue_orb_2": {
          "add": {
            "component_groups": [
              "mining_fatigue_orb_2"
            ]
          }
        },
        "ae:poison_orb_2": {
          "add": {
            "component_groups": [
              "poison_orb_2"
            ]
          }
        },
        "ae:regeneration_orb_2": {
          "add": {
            "component_groups": [
              "regeneration_orb_2"
            ]
          }
        },
        "ae:resistance_orb_2": {
          "add": {
            "component_groups": [
              "resistance_orb_2"
            ]
          }
        },
        "ae:slow_falling_orb_2": {
          "add": {
            "component_groups": [
              "slow_falling_orb_2"
            ]
          }
        },
        "ae:slowness_orb_2": {
          "add": {
            "component_groups": [
              "slowness_orb_2"
            ]
          }
        },
        "ae:speed_orb_2": {
          "add": {
            "component_groups": [
              "speed_orb_2"
            ]
          }
        },
        "ae:strength_orb_2": {
          "add": {
            "component_groups": [
              "strength_orb_2"
            ]
          }
        },
        "ae:village_hero_orb_2": {
          "add": {
            "component_groups": [
              "village_hero_orb_2"
            ]
          }
        },
        "ae:weakness_orb_2": {
          "add": {
            "component_groups": [
              "weakness_orb_2"
            ]
          }
        },
        "ae:wither_orb_2": {
          "add": {
            "component_groups": [
              "wither_orb_2"
            ]
          }
        },
        "ae:haste_orb_3": {
          "add": {
            "component_groups": [
              "haste_orb_3"
            ]
          }
        },
        "ae:health_boost_orb_3": {
          "add": {
            "component_groups": [
              "health_boost_orb_3"
            ]
          }
        },
        "ae:jump_boost_orb_3": {
          "add": {
            "component_groups": [
              "jump_boost_orb_3"
            ]
          }
        },
        "ae:regeneration_orb_3": {
          "add": {
            "component_groups": [
              "regeneration_orb_3"
            ]
          }
        },
        "ae:resistance_orb_3": {
          "add": {
            "component_groups": [
              "resistance_orb_3"
            ]
          }
        },
        "ae:slow_falling_orb_3": {
          "add": {
            "component_groups": [
              "slow_falling_orb_3"
            ]
          }
        },
        "ae:speed_orb_3": {
          "add": {
            "component_groups": [
              "speed_orb_3"
            ]
          }
        },
        "ae:strength_orb_3": {
          "add": {
            "component_groups": [
              "strength_orb_3"
            ]
          }
        },
        "ae:village_hero_orb_3": {
          "add": {
            "component_groups": [
              "village_hero_orb_3"
            ]
          }
        }




      }

      //#endregion
    }
    }
  
