{
	"format_version": "1.16.100",
	"minecraft:item": {
		"description": {
			"identifier": "ae:diamond_boots_slow_falling_1",
			"category": "equipment"
		},
		"components": {
			"minecraft:max_stack_size": 1,
			"minecraft:enchantable": {
				"value": 10,
				"slot": "armor_feet"
			},
			"minecraft:durability": {
				"max_durability": 858,
				"damage_chance": {
					"min": 60,
					"max": 100
				}
			},
			"minecraft:mining_speed": 8,
			"minecraft:damage": 3,
			"minecraft:armor": {
				"protection": 3
			},
			"minecraft:wearable": {
				"slot": "slot.armor.feet"
			},
			"minecraft:icon": {
				"texture": "diamond_boots_slow_falling"
			},
			"minecraft:display_name": {
				"value": "Diamond Slow Falling I Boots"
			},
			"minecraft:creative_category": {
				"parent": "itemGroup.name.boots"
			}
		},
		"events": {}
	}
}