{
	"resource_pack_name": "Orbies.",
	"texture_name": "atlas.items",
	"texture_data": {


		"double_saddle": {
			"textures": [
				"textures/items/double_saddle"
			]
		},
		"frog_bucket": {
			"textures": [
				"textures/items/frog_bucket"
			]
		},
		"poison_frog_bucket": {
			"textures": [
				"textures/items/poison_frog_bucket"
			]
		},
		"rainbow_frog_bucket": {
			"textures": [
				"textures/items/rainbow_frog_bucket"
			]
		},
		"smol_frog_bucket": {
			"textures": [
				"textures/items/smol_frog_bucket"
			]
		},
		"blue_frog_bucket": {
			"textures": [
				"textures/items/blue_frog_bucket"
			]
		},

		"blindness": {
			"textures": [
				"textures/items/blindness"
			]
		},
		"conduit_power": {
			"textures": [
				"textures/items/conduit_power"
			]
		},
		"fire_resistance": {
			"textures": [
				"textures/items/fire_resistance"
			]
		},
		"haste": {
			"textures": [
				"textures/items/haste"
			]
		},
		"health_boost": {
			"textures": [
				"textures/items/health_boost"
			]
		},
		"hunger": {
			"textures": [
				"textures/items/hunger"
			]
		},
		"invisibility": {
			"textures": [
				"textures/items/invisibility"
			]
		},
		"jump_boost": {
			"textures": [
				"textures/items/jump_boost"
			]
		},
		"levitation": {
			"textures": [
				"textures/items/levitation"
			]
		},
		"mining_fatigue": {
			"textures": [
				"textures/items/mining_fatigue"
			]
		},
		"nausea": {
			"textures": [
				"textures/items/nausea"
			]
		},
		"night_vision": {
			"textures": [
				"textures/items/night_vision"
			]
		},
		"poison": {
			"textures": [
				"textures/items/poison"
			]
		},
		"regeneration": {
			"textures": [
				"textures/items/regeneration"
			]
		},
		"resistance": {
			"textures": [
				"textures/items/resistance"
			]
		},
		"slow_falling": {
			"textures": [
				"textures/items/slow_falling"
			]
		},
		"slowness": {
			"textures": [
				"textures/items/slowness"
			]
		},
		"speed": {
			"textures": [
				"textures/items/speed"
			]
		},
		"strength": {
			"textures": [
				"textures/items/strength"
			]
		},
		"village_hero": {
			"textures": [
				"textures/items/village_hero"
			]
		},
		"water_breathing": {
			"textures": [
				"textures/items/water_breathing"
			]
		},
		"weakness": {
			"textures": [
				"textures/items/weakness"
			]
		},
		"wither": {
			"textures": [
				"textures/items/wither"
			]
		}


	}
}