{
  "format_version": "1.8.0",
  "render_controllers": {
    "controller.render.frog": {
      "arrays": {
        "textures": {
          "Array.skins": [
            "Texture.frog",
            "Texture.poison_frog",
            "Texture.big_frog",
            "Texture.rainbow_frog",
            "Texture.kermit_frog",
            "Texture.blue_frog",
            "Texture.smol_frog",
            "Texture.saddled",
            "Texture.saddled_w",
            "Texture.saddled_lilope",
            "Texture.saddled_templar",
            "Texture.custom_0",
            "Texture.custom_1",
            "Texture.custom_2",
            "Texture.custom_3",
            "Texture.custom_4",
            "Texture.custom_5",
            "Texture.custom_6",
            "Texture.custom_7",
            "Texture.custom_8",
            "Texture.custom_9"
          ]
        }
      },
      "geometry": "Geometry.default",
      "materials": [
        {
          "*": "Material.default"
        }
      ],
      "textures": [
        "Array.skins[query.variant]"
      ]
    }
  }
}
