{
	"format_version": "1.12.0",
	"minecraft:geometry": [
		{
			"description": {
				"identifier": "geometry.frog",
				"texture_width": 40,
				"texture_height": 34,
				"visible_bounds_width": 3,
				"visible_bounds_height": 2,
				"visible_bounds_offset": [0, 1, 0]
			},
			"bones": [
				{
					"name": "body",
					"pivot": [0, 5, 8],
					"mirror": true,
					"cubes": [
						{"origin": [-3, 3, -2], "size": [6, 5, 10], "uv": [0, 0], "mirror": false}
					]
				},
				{
					"name": "rearFootLeft",
					"parent": "body",
					"pivot": [3, 6.5, 3.7],
					"mirror": true,
					"cubes": [
						{"origin": [2, 0, -1], "size": [2, 1, 7], "uv": [22, 0], "mirror": false}
					]
				},
				{
					"name": "rearFootRight",
					"parent": "body",
					"pivot": [-3, 6.5, 3.7],
					"mirror": true,
					"cubes": [
						{"origin": [-4, 0, -1], "size": [2, 1, 7], "uv": [13, 17], "mirror": false}
					]
				},
				{
					"name": "haunchLeft",
					"parent": "body",
					"pivot": [3, 6.5, 3.7],
					"mirror": true,
					"cubes": [
						{"origin": [2, 2.5, 3.7], "size": [2, 4, 5], "uv": [24, 15], "mirror": false}
					]
				},
				{
					"name": "haunchRight",
					"parent": "body",
					"pivot": [-3, 6.5, 3.7],
					"mirror": true,
					"cubes": [
						{"origin": [-4, 2.5, 3.7], "size": [2, 4, 5], "uv": [0, 24], "mirror": false}
					]
				},
				{
					"name": "frontLegLeft",
					"parent": "body",
					"pivot": [3, 7, 0],
					"mirror": true,
					"cubes": [
						{"origin": [2, 0, -1], "size": [2, 7, 2], "uv": [14, 25], "mirror": false}
					]
				},
				{
					"name": "frontLegRight",
					"parent": "body",
					"pivot": [-3, 7, 0],
					"mirror": true,
					"cubes": [
						{"origin": [-4, 0, -1], "size": [2, 7, 2], "uv": [0, 0], "mirror": false}
					]
				},
				{
					"name": "head",
					"parent": "body",
					"pivot": [0, 8, -1],
					"mirror": true,
					"cubes": [
						{"origin": [-2.5, 5, -6], "size": [5, 4, 5], "uv": [0, 15], "mirror": false}
					],
					"locators": {
						"lead": [0, 8, -1]
					}
				}
			]
		}
	]
}