{
  "format_version": "1.16",
  "minecraft:recipe_shapeless": {
    "description": {
      "identifier": "ae:strength_orb_3"
    },
    "tags": [
      "crafting_table"
    ],
    "priority": 0,
    "ingredients": [
      {
        "item": "ae:magical_essence"
      },
      {
        "item": "ae:magical_essence"
      },
      {
        "item": "ae:magical_essence"
      },
      {
        "item": "ae:strength_orb_2"
      }
    ],
    "result": {
      "item": "ae:strength_orb_3",
      "count": 1
    }
  }
}