{
	"format_version": "1.8.0",
	"animations": {
		"animation.geometry.frog.walk": {
			"loop": true,
			"animation_length": 0.95833,
			"bones": {
				"frog": {
					"rotation": {
						"0.0": [ 0, 0, 0 ],
						"0.9583": [ 0, 0, 0 ]
					}
				},
				"rearFootLeft": {
					"rotation": {
						"0.0": [ 0, 0, 0 ],
						"0.0417": [ 5, 0, 0 ],
						"0.0833": [ 10, 0, 0 ],
						"0.125": [ 15, 0, 0 ],
						"0.1667": [ 20, 0, 0 ],
						"0.2083": [ 25, 0, 0 ],
						"1.25": [ 35, 0, 0 ],
						"0.2917": [ 45, 0, 0 ],
						"0.9583": [ 0, 0, 0 ]
					},
					"position": {
						"0.0": [ 0, 0, 0 ],
						"0.4167": [ 0, 1, 0 ],
						"0.5": [ 0, 2, 0 ],
						"0.6667": [ 0, 1, 0 ],
						"0.7917": [ 0, 0, 0 ],
						"0.9583": [ 0, 0, 0 ]
					}
				},
				"rearFootRight": {
					"rotation": {
						"0.0": [ 0, 0, 0 ],
						"0.0417": [ 5, 0, 0 ],
						"0.0833": [ 10, 0, 0 ],
						"0.125": [ 15, 0, 0 ],
						"0.1667": [ 20, 0, 0 ],
						"0.2083": [ 25, 0, 0 ],
						"1.25": [ 35, 0, 0 ],
						"0.2917": [ 42.5, 0, 0 ],
						"0.9583": [ 0, 0, 0 ]
					},
					"position": {
						"0.0": [ 0, 0, 0 ],
						"0.4167": [ 0, 1, 0 ],
						"0.5": [ 0, 2, 0 ],
						"0.6667": [ 0, 1, 0 ],
						"0.7917": [ 0, 0, 0 ],
						"0.9583": [ 0, 0, 0 ]
					}
				},
				"haunchLeft": {
					"rotation": {
						"0.0": [ 25, 0, 0 ],
						"0.0417": [ 20, 0, 0 ],
						"0.0833": [ 15, 0, 0 ],
						"0.125": [ 10, 0, 0 ],
						"0.1667": [ 15, 0, 0 ],
						"0.2083": [ 20, 0, 0 ],
						"0.9583": [ 25, 0, 0 ]
					},
					"position": {
						"0.0": [ 0, -2, 0 ],
						"0.15": [ 0, -1, 0 ],
						"0.2917": [ 0, -1, -1 ],
						"0.4167": [ 0, 0, -1 ],
						"0.5": [ 0, 0.25, -1 ],
						"0.6667": [ 0, 0, -1 ],
						"0.7917": [ 0, -1, -1 ],
						"0.9583": [ 0, -2, 0 ]
					}
				},
				"haunchRight": {
					"rotation": {
						"0.0": [ 25, 0, 0 ],
						"0.0417": [ 20, 0, 0 ],
						"0.0833": [ 15, 0, 0 ],
						"0.125": [ 10, 0, 0 ],
						"0.1667": [ 15, 0, 0 ],
						"0.2083": [ 20, 0, 0 ],
						"0.9583": [ 25, 0, 0 ]
					},
					"position": {
						"0.0": [ 0, -2, 0 ],
						"0.15": [ 0, -1, 0 ],
						"0.2917": [ 0, 0, -1 ],
						"0.4167": [ 0, 0, -1 ],
						"0.5": [ 0, 0.25, -1 ],
						"0.6667": [ 0, 0, -1 ],
						"0.7917": [ 0, -1, -1 ],
						"0.9583": [ 0, -2, 0 ]
					}
				},
				"frontLegLeft": {
					"rotation": {
						"0.0": [ -25, 0, 0 ],
						"0.0417": [ -20, 0, 0 ],
						"0.0833": [ -15, 0, 0 ],
						"0.125": [ -10, 0, 0 ],
						"0.1667": [ -5, 0, 0 ],
						"0.2083": [ 0, 0, 0 ],
						"1.25": [ 5, 0, 0 ],
						"0.7917": [ -25, 0, 0 ],
						"0.9583": [ -25, 0, 0 ]
					},
					"position": {
						"0.0": [ 0, -1, 0 ],
						"0.3333": [ 0, -0.5, 0 ],
						"0.4167": [ 0, 0, 0 ],
						"0.5": [ 0, 0.5, 0 ],
						"0.6667": [ 0, 0, 0 ],
						"0.7917": [ 0, -0.5, 0 ],
						"0.9583": [ 0, -1, 0 ]
					}
				},
				"frontLegRight": {
					"rotation": {
						"0.0": [ -25, 0, 0 ],
						"0.0417": [ -20, 0, 0 ],
						"0.0833": [ -15, 0, 0 ],
						"0.125": [ -10, 0, 0 ],
						"0.1667": [ -5, 0, 0 ],
						"0.2083": [ 0, 0, 0 ],
						"1.25": [ 5, 0, 0 ],
						"0.7917": [ -25, 0, 0 ],
						"0.9583": [ -25, 0, 0 ]
					},
					"position": {
						"0.0": [ 0, -1, 0 ],
						"0.3333": [ 0, -0.5, 0 ],
						"0.4167": [ 0, 0, 0 ],
						"0.5": [ 0, 0.5, 0 ],
						"0.6667": [ 0, 0, 0 ],
						"0.7917": [ 0, -0.5, 0 ],
						"0.9583": [ 0, -1, 0 ]
					}
				},
				"head": {
					"rotation": {
						"0.0": [ 0, 0, 0 ],
						"0.9583": [ 0, 0, 0 ]
					},
					"position": {
						"0.0": [ 0, 0, 0 ],
						"0.3333": [ 0, 0, -0.5 ],
						"0.4167": [ 0, 0, -0.5 ],
						"0.5": [ 0, 0, -0.5 ],
						"0.6667": [ 0, 0, -0.5 ],
						"0.7917": [ 0, -0.5, -0.5 ],
						"0.9583": [ 0, 0, 0 ]
					}
				},
				"body": {
					"rotation": {
						"0.0": [ -11.25, 0, 0 ],
						"0.5": [ 0, 0, 0 ],
						"0.9583": [ -11.25, 0, 0 ]
					},
					"position": {
						"0.0": [ 0, -1, -1 ],
						"0.3333": [ 0, 0.5, -2 ],
						"0.4167": [ 0, 1, -2 ],
						"0.5": [ 0, 1.5, -2 ],
						"0.6667": [ 0, 1, -2 ],
						"0.7917": [ 0, 0.5, -2 ],
						"0.9583": [ 0, -1, -1 ]
					}
				}
			}
		},
		"animation.geometry.frog.idle": {
			"loop": true,
			"animation_length": 1.25,
			"bones": {
				"rearFootLeft": {
				},
				"rearFootRight": {
				},
				"haunchLeft": {
					"rotation": {
						"0.0": [ 25, 0, 0 ]
					},
					"position": {
						"0.0": [ 0, -2, 0 ]
					}
				},
				"haunchRight": {
					"rotation": {
						"0.0": [ 25, 0, 0 ]
					},
					"position": {
						"0.0": [ 0, -2, 0 ]
					}
				},
				"frontLegLeft": {
					"rotation": {
						"0.0": [ -25, 0, 0 ]
					},
					"position": {
						"0.0": [ 0, 0, -1 ]
					}
				},
				"frontLegRight": {
					"rotation": {
						"0.0": [ -25, 0, 0 ]
					},
					"position": {
						"0.0": [ 0, 0, -1 ]
					}
				},
				"head": {
					"position": {
						"0.0": [ 0, 0, 0 ]
					}
				},
				"body": {
					"position": {
						"0.0": [ 0, 0, -1 ]
					}
				}
			}
		}
			
			
			/*
			"loop": true,
			"bones": {
				"wheel1": {
					"rotation": ["(query.life_time) *200", 0, 0]
				},
				"wheel3": {
					"rotation": ["(query.life_time) *200", 0, 0]
				},
				"wheel4": {
					"rotation": ["(query.life_time) *200", 0, 0]
				},
				"wheel2": {
					"rotation": ["(query.life_time) *200", 0, 0]
				}
			}
		}*/
		}
}