{
  "format_version": "1.10.0",
  "minecraft:client_entity": {
    "description": {
      "identifier": "w:frog",
      "materials": {
        "default": "skeleton"
      },
      "textures": {
        "frog": "textures/entity/frog/frog",
        "poison_frog": "textures/entity/frog/poison_frog",
        "big_frog": "textures/entity/frog/big_frog",
        "rainbow_frog": "textures/entity/frog/rainbow_frog",
        "kermit_frog": "textures/entity/frog/kermit_frog",
        "blue_frog": "textures/entity/frog/blue_frog",
        "smol_frog": "textures/entity/frog/smol_frog",
        "saddled": "textures/entity/frog/saddle",
        "saddled_w": "textures/entity/frog/saddle_w",
        "saddled_lilope": "textures/entity/frog/saddle_lilope",
        "saddled_templar": "textures/entity/frog/saddle_templar",
        "custom_0": "textures/entity/frog/custom_0",
        "custom_1": "textures/entity/frog/custom_1",
        "custom_2": "textures/entity/frog/custom_2",
        "custom_3": "textures/entity/frog/custom_3",
        "custom_4": "textures/entity/frog/custom_4",
        "custom_5": "textures/entity/frog/custom_5",
        "custom_6": "textures/entity/frog/custom_6",
        "custom_7": "textures/entity/frog/custom_7",
        "custom_8": "textures/entity/frog/custom_8",
        "custom_9": "textures/entity/frog/custom_9"

      },
      "geometry": {
        "default": "geometry.frog"
      },
      "animations": {
        "walk": "animation.geometry.frog.walk",
        "idle": "animation.geometry.frog.idle"
      },
        "scripts": {
          "animate": [
            "idle",
            { "walk": "query.modified_move_speed" }
          ]
        },
        "render_controllers": [
          "controller.render.frog"
        ],
        "spawn_egg": {
          "base_color": "#ff0000",
          "overlay_color": "#00ffff"
        }
      }
    }
}