{
	"format_version": "1.10.0",
	"animation_controllers": {
	  "controller.animation.sample": {
		"initial_state": "default",
		"states": {
		  "default": {
			"animations" : ["idle"],
			"blend_transition" : 0.2,
			"transitions": [
				{ "walk" : "query.modified_move_speed > 0.1"}, 
				{ "attack" : "query.is_delayed_attacking"} 
				]
		  },
		  "walk": {
			"animations" : ["walk"],
			"blend_transition" : 0.2,
			"transitions": [
				{ "attack" : "query.is_delayed_attacking"},
				{ "default" : "query.ground_speed < 0.1"} 
			]
		  },
		  "attack": {
			"animations" : ["club"],
			"blend_transition" : 0.2,
			"transitions": [
				{ "default" : "query.all_animations_finished"} 
			]
		  }
		}
	  }
	}
  }