{
  "format_version": "1.16.100",
  "minecraft:recipe_shaped": {
    "description": {
      "identifier": "ae:diamond_boots_nausea"
    },
    "tags": [
      "crafting_table"
    ],
    "pattern": [
      "ABA",
      "DCD",
      "ABA"
    ],
    "key": {
      "A": {
        "item": "minecraft:pufferfish"
      },
      "B": {
        "item": "minecraft:diamond"
      },
      "C": {
        "item": "minecraft:diamond_boots"
      },
      "D": {
        "item": "minecraft:fermented_spider_eye"
      }
    },
    "result": [
      {
        "item": "ae:diamond_boots_nausea_1"
      }
    ]
  }
}