{
  "format_version": "1.16.100",
  "minecraft:recipe_shaped": {
    "description": {
      "identifier": "ae:diamond_boots_conduit_power"
    },
    "tags": [
      "crafting_table"
    ],
    "pattern": [
      "XBX",
      "ACA",
      "XBX"
    ],
    "key": {
      "A": {
        "item": "minecraft:conduit"
      },
      "B": {
        "item": "minecraft:diamond"
      },
      "C": {
        "item": "minecraft:diamond_boots"
      }
    },
    "result": [
      {
        "item": "ae:diamond_boots_conduit_power_1"
      }
    ]
  }
}