{
  "format_version": "1.16.100",
  "minecraft:recipe_shaped": {
    "description": {
      "identifier": "ae:diamond_leggings_health_boost"
    },
    "tags": [
      "crafting_table"
    ],
    "pattern": [
      "ABA",
      "ACA",
      "ABA"
    ],
    "key": {
      "A": {
        "item": "minecraft:glistering_melon_slice"
      },
      "B": {
        "item": "minecraft:diamond"
      },
      "C": {
        "item": "minecraft:diamond_leggings"
      }
    },
    "result": [
      {
        "item": "ae:diamond_leggings_health_boost_1"
      }
    ]
  }
}