{
  "format_version": "1.16.100",
  "minecraft:recipe_shaped": {
    "description": {
      "identifier": "ae:jewelers_table"
    },
    "tags": [
      "crafting_table"
    ],
    "pattern": [
      "SSS",
      "|G|",
      "| |"
    ],
    "key": {
      "S": {
        "item": "minecraft:wooden_slab"
      },
      "|": {
        "item": "minecraft:stick"
      },
      "G": {
        "item": "minecraft:gold_ingot"
      }
    },
    "result": [
      {
        "item": "ae:jewelers_table"
      }
    ]
  }
}